ensembl_id,uniprot_id
ENSEMBL:ENSG00000197766,UniProtKB:P00746
ENSEMBL:ENSG00000104870,UniProtKB:P55899
ENSEMBL:ENSG00000154736,UniProtKB:Q9UNA0
ENSEMBL:ENSG00000100519,UniProtKB:P62333
ENSEMBL:ENSG00000118194,UniProtKB:Q15607
ENSEMBL:ENSG00000026508,UniProtKB:P16070
ENSEMBL:ENSG00000102393,UniProtKB:Q53Y83
ENSEMBL:ENSG00000160867,UniProtKB:P22455
ENSEMBL:ENSG00000248333,UniProtKB:P21127
ENSEMBL:ENSG00000105697,UniProtKB:P81172
ENSEMBL:ENSG00000169432,UniProtKB:Q15858
ENSEMBL:ENSG00000168539,UniProtKB:Q53XZ3
ENSEMBL:ENSG00000108671,UniProtKB:O00231
ENSEMBL:ENSG00000148120,UniProtKB:Q8N6M6
ENSEMBL:ENSG00000163235,UniProtKB:P01135
ENSEMBL:ENSG00000197386,UniProtKB:P42858
ENSEMBL:ENSG00000196411,UniProtKB:Q96L35
ENSEMBL:ENSG00000162891,UniProtKB:Q9NYY1
ENSEMBL:ENSG00000163285,UniProtKB:Q8N1C3
ENSEMBL:ENSG00000108556,UniProtKB:Q04844
ENSEMBL:ENSG00000167325,UniProtKB:P23921
ENSEMBL:ENSG00000204262,UniProtKB:P05997
ENSEMBL:ENSG00000163682,UniProtKB:Q53Z07
ENSEMBL:ENSG00000265681,UniProtKB:P18621
ENSEMBL:ENSG00000197565,UniProtKB:Q14031
ENSEMBL:ENSG00000157219,UniProtKB:P47898
ENSEMBL:ENSG00000274286,UniProtKB:P18089
ENSEMBL:ENSG00000136810,UniProtKB:P10599
ENSEMBL:ENSG00000111275,UniProtKB:P05091
ENSEMBL:ENSG00000171858,UniProtKB:Q6FGH5
ENSEMBL:ENSG00000187486,UniProtKB:Q14654
ENSEMBL:ENSG00000205560,UniProtKB:Q92523
ENSEMBL:ENSG00000178057,UniProtKB:Q9Y3Z0
ENSEMBL:ENSG00000109390,UniProtKB:O43677
ENSEMBL:ENSG00000171557,UniProtKB:P02679
ENSEMBL:ENSG00000163932,UniProtKB:Q05655
ENSEMBL:ENSG00000142541,UniProtKB:Q8J015
ENSEMBL:ENSG00000120899,UniProtKB:Q14289
ENSEMBL:ENSG00000006116,UniProtKB:O60359
ENSEMBL:ENSG00000137731,UniProtKB:P54710
ENSEMBL:ENSG00000106128,UniProtKB:Q02643
ENSEMBL:ENSG00000166851,UniProtKB:P53350
ENSEMBL:ENSG00000162244,UniProtKB:P47914
ENSEMBL:ENSG00000142875,UniProtKB:P22694
ENSEMBL:ENSG00000101916,UniProtKB:Q9NR97
ENSEMBL:ENSG00000166136,UniProtKB:O95169
ENSEMBL:ENSG00000133256,UniProtKB:P35913
ENSEMBL:ENSG00000006071,UniProtKB:Q09428
ENSEMBL:ENSG00000059758,UniProtKB:Q00537
ENSEMBL:ENSG00000132671,UniProtKB:P31391
ENSEMBL:ENSG00000175482,UniProtKB:Q9HCU8
ENSEMBL:ENSG00000139180,UniProtKB:Q16795
ENSEMBL:ENSG00000139625,UniProtKB:Q12852
ENSEMBL:ENSG00000165731,UniProtKB:P07949
ENSEMBL:ENSG00000070915,UniProtKB:P55017
ENSEMBL:ENSG00000155511,UniProtKB:Q59GL5
ENSEMBL:ENSG00000019991,UniProtKB:P14210
ENSEMBL:ENSG00000105366,UniProtKB:Q9NYZ4
ENSEMBL:ENSG00000163394,UniProtKB:P32238
ENSEMBL:ENSG00000112115,UniProtKB:Q16552
ENSEMBL:ENSG00000048052,UniProtKB:Q9UKV0
ENSEMBL:ENSG00000129749,UniProtKB:Q9GZZ6
ENSEMBL:ENSG00000136573,UniProtKB:Q05D26
ENSEMBL:ENSG00000139626,UniProtKB:P26010
ENSEMBL:ENSG00000205268,UniProtKB:Q13946
ENSEMBL:ENSG00000164082,UniProtKB:Q14416
ENSEMBL:ENSG00000048462,UniProtKB:Q02223
ENSEMBL:ENSG00000131724,UniProtKB:P78552
ENSEMBL:ENSG00000158125,UniProtKB:P47989
ENSEMBL:ENSG00000122641,UniProtKB:P08476
ENSEMBL:ENSG00000165025,UniProtKB:P43405
ENSEMBL:ENSG00000196739,UniProtKB:Q8IZC6
ENSEMBL:ENSG00000163636,UniProtKB:Q15008
ENSEMBL:ENSG00000170214,UniProtKB:P35368
ENSEMBL:ENSG00000189221,UniProtKB:Q53YE7
ENSEMBL:ENSG00000001626,UniProtKB:P13569
ENSEMBL:ENSG00000005961,UniProtKB:P08514
ENSEMBL:ENSG00000050628,UniProtKB:P43115
ENSEMBL:ENSG00000126262,UniProtKB:O15552
ENSEMBL:ENSG00000139572,UniProtKB:Q9NQS5
ENSEMBL:ENSG00000142208,UniProtKB:P31749
ENSEMBL:ENSG00000101336,UniProtKB:P08631
ENSEMBL:ENSG00000173692,UniProtKB:Q99460
ENSEMBL:ENSG00000250506,UniProtKB:Q00526
ENSEMBL:ENSG00000138823,UniProtKB:P55157
ENSEMBL:ENSG00000198822,UniProtKB:Q14832
ENSEMBL:ENSG00000126067,UniProtKB:P49721
ENSEMBL:ENSG00000117362,UniProtKB:Q96BI3
ENSEMBL:ENSG00000104687,UniProtKB:V9HW90
ENSEMBL:ENSG00000123374,UniProtKB:P24941
ENSEMBL:ENSG00000142677,UniProtKB:Q8N6P7
ENSEMBL:ENSG00000184983,UniProtKB:P56556
ENSEMBL:ENSG00000065675,UniProtKB:Q04759
ENSEMBL:ENSG00000182175,UniProtKB:Q96B86
ENSEMBL:ENSG00000141736,UniProtKB:X5DNK3
ENSEMBL:ENSG00000036530,UniProtKB:Q9Y6A2
ENSEMBL:ENSG00000132964,UniProtKB:P49336
ENSEMBL:ENSG00000102882,UniProtKB:Q9BWJ1
ENSEMBL:ENSG00000069849,UniProtKB:P54709
ENSEMBL:ENSG00000196639,UniProtKB:P35367
ENSEMBL:ENSG00000066230,UniProtKB:P48764
ENSEMBL:ENSG00000134853,UniProtKB:P16234
ENSEMBL:ENSG00000119421,UniProtKB:P51970
ENSEMBL:ENSG00000126895,UniProtKB:P30518
ENSEMBL:ENSG00000152270,UniProtKB:Q13370
ENSEMBL:ENSG00000053747,UniProtKB:Q16787
ENSEMBL:ENSG00000133742,UniProtKB:V9HWE3
ENSEMBL:ENSG00000007908,UniProtKB:P16581
ENSEMBL:ENSG00000088053,UniProtKB:Q9HCN6
ENSEMBL:ENSG00000079277,UniProtKB:Q9BUB5
ENSEMBL:ENSG00000162409,UniProtKB:P54646
ENSEMBL:ENSG00000167526,UniProtKB:P26373
ENSEMBL:ENSG00000146399,UniProtKB:Q96RJ0
ENSEMBL:ENSG00000161509,UniProtKB:Q8IW23
ENSEMBL:ENSG00000122012,UniProtKB:Q496J9
ENSEMBL:ENSG00000115604,UniProtKB:Q13478
ENSEMBL:ENSG00000160951,UniProtKB:P34995
ENSEMBL:ENSG00000106546,UniProtKB:P35869
ENSEMBL:ENSG00000188229,UniProtKB:P68371
ENSEMBL:ENSG00000096968,UniProtKB:O60674
ENSEMBL:ENSG00000018625,UniProtKB:P50993
ENSEMBL:ENSG00000165409,UniProtKB:P16473
ENSEMBL:ENSG00000164794,UniProtKB:Q6PIU1
ENSEMBL:ENSG00000100739,UniProtKB:P46663
ENSEMBL:ENSG00000231500,UniProtKB:P62269
ENSEMBL:ENSG00000108091,UniProtKB:Q16204
ENSEMBL:ENSG00000134962,UniProtKB:Q86Z14
ENSEMBL:ENSG00000120915,UniProtKB:P34913
ENSEMBL:ENSG00000117594,UniProtKB:X5D2L1
ENSEMBL:ENSG00000004948,UniProtKB:P30988
ENSEMBL:ENSG00000108344,UniProtKB:O43242
ENSEMBL:ENSG00000138448,UniProtKB:P06756
ENSEMBL:ENSG00000240972,UniProtKB:P14174
ENSEMBL:ENSG00000101868,UniProtKB:P09884
ENSEMBL:ENSG00000110092,UniProtKB:Q6FI00
ENSEMBL:ENSG00000164362,UniProtKB:O14746
ENSEMBL:ENSG00000121361,UniProtKB:Q15842
ENSEMBL:ENSG00000152402,UniProtKB:P33402
ENSEMBL:ENSG00000187764,UniProtKB:Q92854
ENSEMBL:ENSG00000076555,UniProtKB:O00763
ENSEMBL:ENSG00000124882,UniProtKB:O14944
ENSEMBL:ENSG00000184292,UniProtKB:P09758
ENSEMBL:ENSG00000196557,UniProtKB:O95180
ENSEMBL:ENSG00000178035,UniProtKB:P12268
ENSEMBL:ENSG00000160712,UniProtKB:P08887
ENSEMBL:ENSG00000154611,UniProtKB:Q8TAA3
ENSEMBL:ENSG00000169429,UniProtKB:P10145
ENSEMBL:ENSG00000187730,UniProtKB:O14764
ENSEMBL:ENSG00000149403,UniProtKB:Q16099
ENSEMBL:ENSG00000120156,UniProtKB:Q59HG2
ENSEMBL:ENSG00000157404,UniProtKB:P10721
ENSEMBL:ENSG00000125735,UniProtKB:O43557
ENSEMBL:ENSG00000096384,UniProtKB:Q6PK50
ENSEMBL:ENSG00000166441,UniProtKB:P46776
ENSEMBL:ENSG00000164305,UniProtKB:P42574
ENSEMBL:ENSG00000162733,UniProtKB:Q16832
ENSEMBL:ENSG00000095464,UniProtKB:P51160
ENSEMBL:ENSG00000159377,UniProtKB:P28070
ENSEMBL:ENSG00000133019,UniProtKB:P20309
ENSEMBL:ENSG00000105675,UniProtKB:Q658V6
ENSEMBL:ENSG00000187554,UniProtKB:O60602
ENSEMBL:ENSG00000163600,UniProtKB:Q9Y6W8
ENSEMBL:ENSG00000110245,UniProtKB:P02656
ENSEMBL:ENSG00000077238,UniProtKB:P24394
ENSEMBL:ENSG00000140379,UniProtKB:Q16548
ENSEMBL:ENSG00000198242,UniProtKB:P62750
ENSEMBL:ENSG00000198178,UniProtKB:Q8WTT0
ENSEMBL:ENSG00000115221,UniProtKB:P18564
ENSEMBL:ENSG00000113327,UniProtKB:P18507
ENSEMBL:ENSG00000089041,UniProtKB:Q99572
ENSEMBL:ENSG00000165891,UniProtKB:Q96AV8
ENSEMBL:ENSG00000162975,UniProtKB:Q9H3M0
ENSEMBL:ENSG00000171303,UniProtKB:O14649
ENSEMBL:ENSG00000197122,UniProtKB:P12931
ENSEMBL:ENSG00000139193,UniProtKB:P26842
ENSEMBL:ENSG00000197561,UniProtKB:P08246
ENSEMBL:ENSG00000220205,UniProtKB:P63027
ENSEMBL:ENSG00000026751,UniProtKB:Q9NQ25
ENSEMBL:ENSG00000109991,UniProtKB:P56373
ENSEMBL:ENSG00000186716,UniProtKB:P11274
ENSEMBL:ENSG00000143801,UniProtKB:P49810
ENSEMBL:ENSG00000085563,UniProtKB:P08183
ENSEMBL:ENSG00000101076,UniProtKB:P41235
ENSEMBL:ENSG00000114854,UniProtKB:Q6FH91
ENSEMBL:ENSG00000180914,UniProtKB:P30559
ENSEMBL:ENSG00000110330,UniProtKB:Q13490
ENSEMBL:ENSG00000138160,UniProtKB:P52732
ENSEMBL:ENSG00000012504,UniProtKB:Q96RI1
ENSEMBL:ENSG00000164342,UniProtKB:O15455
ENSEMBL:ENSG00000072694,UniProtKB:P31994
ENSEMBL:ENSG00000196878,UniProtKB:Q13751
ENSEMBL:ENSG00000109971,UniProtKB:V9HW22
ENSEMBL:ENSG00000203747,UniProtKB:P08637
ENSEMBL:ENSG00000169031,UniProtKB:Q01955
ENSEMBL:ENSG00000143473,UniProtKB:O95259
ENSEMBL:ENSG00000129473,UniProtKB:Q92843
ENSEMBL:ENSG00000131469,UniProtKB:P61353
ENSEMBL:ENSG00000099250,UniProtKB:Q6X907
ENSEMBL:ENSG00000151892,UniProtKB:P56159
ENSEMBL:ENSG00000102539,UniProtKB:O43193
ENSEMBL:ENSG00000117971,UniProtKB:P30926
ENSEMBL:ENSG00000132437,UniProtKB:Q53Y41
ENSEMBL:ENSG00000145425,UniProtKB:P61247
ENSEMBL:ENSG00000164258,UniProtKB:O43181
ENSEMBL:ENSG00000164129,UniProtKB:Q15761
ENSEMBL:ENSG00000110448,UniProtKB:P06127
ENSEMBL:ENSG00000169174,UniProtKB:Q8NBP7
ENSEMBL:ENSG00000124134,UniProtKB:Q96KK3
ENSEMBL:ENSG00000185518,UniProtKB:Q7L1I2
ENSEMBL:ENSG00000133740,UniProtKB:Q15329
ENSEMBL:ENSG00000115884,UniProtKB:P18827
ENSEMBL:ENSG00000142327,UniProtKB:Q9HAU8
ENSEMBL:ENSG00000148408,UniProtKB:Q00975
ENSEMBL:ENSG00000180210,UniProtKB:P00734
ENSEMBL:ENSG00000185664,UniProtKB:P40967
ENSEMBL:ENSG00000186912,UniProtKB:P51582
ENSEMBL:ENSG00000151079,UniProtKB:P17658
ENSEMBL:ENSG00000070886,UniProtKB:P29322
ENSEMBL:ENSG00000170820,UniProtKB:P23945
ENSEMBL:ENSG00000101180,UniProtKB:Q9Y5N1
ENSEMBL:ENSG00000268089,UniProtKB:Q9UN88
ENSEMBL:ENSG00000198670,UniProtKB:P08519
ENSEMBL:ENSG00000174343,UniProtKB:Q9UGM1
ENSEMBL:ENSG00000121966,UniProtKB:P61073
ENSEMBL:ENSG00000170425,UniProtKB:P29275
ENSEMBL:ENSG00000074416,UniProtKB:Q99685
ENSEMBL:ENSG00000085662,UniProtKB:P15121
ENSEMBL:ENSG00000147684,UniProtKB:Q9Y6M9
ENSEMBL:ENSG00000137752,UniProtKB:P29466
ENSEMBL:ENSG00000183960,UniProtKB:Q96L42
ENSEMBL:ENSG00000015413,UniProtKB:P16444
ENSEMBL:ENSG00000166148,UniProtKB:X5D2B0
ENSEMBL:ENSG00000126351,UniProtKB:Q6FH41
ENSEMBL:ENSG00000198900,UniProtKB:Q9BVT2
ENSEMBL:ENSG00000167723,UniProtKB:Q8NET8
ENSEMBL:ENSG00000132356,UniProtKB:Q13131
ENSEMBL:ENSG00000157227,UniProtKB:P50281
ENSEMBL:ENSG00000174990,UniProtKB:P35218
ENSEMBL:ENSG00000182580,UniProtKB:P54753
ENSEMBL:ENSG00000114391,UniProtKB:V9HW01
ENSEMBL:ENSG00000168447,UniProtKB:P51168
ENSEMBL:ENSG00000100387,UniProtKB:P62877
ENSEMBL:ENSG00000277893,UniProtKB:P31213
ENSEMBL:ENSG00000206384,UniProtKB:A6NMZ7
ENSEMBL:ENSG00000198355,UniProtKB:Q86V86
ENSEMBL:ENSG00000177272,UniProtKB:P22001
ENSEMBL:ENSG00000160223,UniProtKB:O75144
ENSEMBL:ENSG00000136807,UniProtKB:P50750
ENSEMBL:ENSG00000140009,UniProtKB:Q92731
ENSEMBL:ENSG00000140992,UniProtKB:O15530
ENSEMBL:ENSG00000129084,UniProtKB:P25786
ENSEMBL:ENSG00000067992,UniProtKB:Q15120
ENSEMBL:ENSG00000115825,UniProtKB:O94806
ENSEMBL:ENSG00000129159,UniProtKB:P48547
ENSEMBL:ENSG00000188846,UniProtKB:P50914
ENSEMBL:ENSG00000131791,UniProtKB:O43741
ENSEMBL:ENSG00000114503,UniProtKB:P52298
ENSEMBL:ENSG00000080815,UniProtKB:P49768
ENSEMBL:ENSG00000141510,UniProtKB:Q53GA5
ENSEMBL:ENSG00000065325,UniProtKB:O95838
ENSEMBL:ENSG00000226979,UniProtKB:Q5STV3
ENSEMBL:ENSG00000108840,UniProtKB:Q9UQL6
ENSEMBL:ENSG00000133105,UniProtKB:Q8WXD0
ENSEMBL:ENSG00000183813,UniProtKB:P51679
ENSEMBL:ENSG00000010810,UniProtKB:P06241
ENSEMBL:ENSG00000159899,UniProtKB:P20594
ENSEMBL:ENSG00000134013,UniProtKB:Q9Y4K0
ENSEMBL:ENSG00000106799,UniProtKB:Q5T7S2
ENSEMBL:ENSG00000261456,UniProtKB:Q3ZCM7
ENSEMBL:ENSG00000185760,UniProtKB:Q9NR82
ENSEMBL:ENSG00000167434,UniProtKB:P22748
ENSEMBL:ENSG00000113231,UniProtKB:O95263
ENSEMBL:ENSG00000145592,UniProtKB:P61927
ENSEMBL:ENSG00000134259,UniProtKB:P01138
ENSEMBL:ENSG00000051382,UniProtKB:P42338
ENSEMBL:ENSG00000163517,UniProtKB:Q96DB2
ENSEMBL:ENSG00000075429,UniProtKB:Q9UF02
ENSEMBL:ENSG00000129167,UniProtKB:P17752
ENSEMBL:ENSG00000198785,UniProtKB:Q8TCU5
ENSEMBL:ENSG00000101210,UniProtKB:Q05639
ENSEMBL:ENSG00000041880,UniProtKB:Q9Y6F1
ENSEMBL:ENSG00000081248,UniProtKB:Q13698
ENSEMBL:ENSG00000186010,UniProtKB:Q9P0J0
ENSEMBL:ENSG00000116251,UniProtKB:P35268
ENSEMBL:ENSG00000170458,UniProtKB:P08571
ENSEMBL:ENSG00000166736,UniProtKB:P46098
ENSEMBL:ENSG00000166006,UniProtKB:Q96PR1
ENSEMBL:ENSG00000144744,UniProtKB:Q8TBC4
ENSEMBL:ENSG00000105141,UniProtKB:P31944
ENSEMBL:ENSG00000184408,UniProtKB:Q9NZV8
ENSEMBL:ENSG00000160808,UniProtKB:P08590
ENSEMBL:ENSG00000170175,UniProtKB:P11230
ENSEMBL:ENSG00000063176,UniProtKB:Q9NRA0
ENSEMBL:ENSG00000163131,UniProtKB:P25774
ENSEMBL:ENSG00000068078,UniProtKB:Q0IJ44
ENSEMBL:ENSG00000277791,UniProtKB:P49720
ENSEMBL:ENSG00000103855,UniProtKB:Q5ZPR3
ENSEMBL:ENSG00000183648,UniProtKB:O75438
ENSEMBL:ENSG00000142168,UniProtKB:V9HWC9
ENSEMBL:ENSG00000169313,UniProtKB:Q9H244
ENSEMBL:ENSG00000215018,UniProtKB:Q2UY09
ENSEMBL:ENSG00000137080,UniProtKB:P01568
ENSEMBL:ENSG00000111245,UniProtKB:Q6IB42
ENSEMBL:ENSG00000243649,UniProtKB:P00751
ENSEMBL:ENSG00000116745,UniProtKB:Q16518
ENSEMBL:ENSG00000159352,UniProtKB:Q5VWC4
ENSEMBL:ENSG00000169836,UniProtKB:P29371
ENSEMBL:ENSG00000143924,UniProtKB:Q9HC35
ENSEMBL:ENSG00000124491,UniProtKB:P00488
ENSEMBL:ENSG00000090266,UniProtKB:O95178
ENSEMBL:ENSG00000106617,UniProtKB:Q9UGJ0
ENSEMBL:ENSG00000164879,UniProtKB:V9HWA3
ENSEMBL:ENSG00000105737,UniProtKB:Q16478
ENSEMBL:ENSG00000177663,UniProtKB:Q96F46
ENSEMBL:ENSG00000115592,UniProtKB:Q9UGI9
ENSEMBL:ENSG00000134871,UniProtKB:P08572
ENSEMBL:ENSG00000243480,UniProtKB:Q53F26
ENSEMBL:ENSG00000178127,UniProtKB:P19404
ENSEMBL:ENSG00000127533,UniProtKB:Q96RI0
ENSEMBL:ENSG00000082556,UniProtKB:P41145
ENSEMBL:ENSG00000175868,UniProtKB:P10092
ENSEMBL:ENSG00000100823,UniProtKB:Q5TZP7
ENSEMBL:ENSG00000146648,UniProtKB:Q504U8
ENSEMBL:ENSG00000160013,UniProtKB:P43119
ENSEMBL:ENSG00000181143,UniProtKB:Q8WXI7
ENSEMBL:ENSG00000065989,UniProtKB:P27815
ENSEMBL:ENSG00000125510,UniProtKB:Q8IXB0
ENSEMBL:ENSG00000148154,UniProtKB:Q16739
ENSEMBL:ENSG00000132639,UniProtKB:P60880
ENSEMBL:ENSG00000171848,UniProtKB:P31350
ENSEMBL:ENSG00000116032,UniProtKB:Q5F0I5
ENSEMBL:ENSG00000197728,UniProtKB:P62854
ENSEMBL:ENSG00000165059,UniProtKB:P22612
ENSEMBL:ENSG00000136531,UniProtKB:Q99250
ENSEMBL:ENSG00000166483,UniProtKB:Q86V29
ENSEMBL:ENSG00000185313,UniProtKB:Q9Y5Y9
ENSEMBL:ENSG00000164171,UniProtKB:P17301
ENSEMBL:ENSG00000147434,UniProtKB:Q15825
ENSEMBL:ENSG00000181847,UniProtKB:Q495A1
ENSEMBL:ENSG00000127824,UniProtKB:P68366
ENSEMBL:ENSG00000137806,UniProtKB:Q9Y375
ENSEMBL:ENSG00000185386,UniProtKB:Q15759
ENSEMBL:ENSG00000145839,UniProtKB:P15248
ENSEMBL:ENSG00000146904,UniProtKB:P21709
ENSEMBL:ENSG00000145863,UniProtKB:Q16445
ENSEMBL:ENSG00000006638,UniProtKB:Q0VAB0
ENSEMBL:ENSG00000100902,UniProtKB:P60900
ENSEMBL:ENSG00000172572,UniProtKB:Q14432
ENSEMBL:ENSG00000019582,UniProtKB:P04233
ENSEMBL:ENSG00000105409,UniProtKB:Q53ES0
ENSEMBL:ENSG00000138684,UniProtKB:Q9HBE4
ENSEMBL:ENSG00000106588,UniProtKB:P25787
ENSEMBL:ENSG00000198918,UniProtKB:P62891
ENSEMBL:ENSG00000138413,UniProtKB:O75874
ENSEMBL:ENSG00000130433,UniProtKB:Q9BXT2
ENSEMBL:ENSG00000168065,UniProtKB:Q9NSA0
ENSEMBL:ENSG00000158748,UniProtKB:P50406
ENSEMBL:ENSG00000106123,UniProtKB:O15197
ENSEMBL:ENSG00000094755,UniProtKB:O00591
ENSEMBL:ENSG00000185483,UniProtKB:Q01973
ENSEMBL:ENSG00000142627,UniProtKB:P29317
ENSEMBL:ENSG00000197170,UniProtKB:O00232
ENSEMBL:ENSG00000174807,UniProtKB:Q9HCU0
ENSEMBL:ENSG00000135446,UniProtKB:P11802
ENSEMBL:ENSG00000168653,UniProtKB:Q6IBA0
ENSEMBL:ENSG00000188389,UniProtKB:Q15116
ENSEMBL:ENSG00000057252,UniProtKB:P35610
ENSEMBL:ENSG00000130595,UniProtKB:P45378
ENSEMBL:ENSG00000144713,UniProtKB:P62910
ENSEMBL:ENSG00000172037,UniProtKB:P55268
ENSEMBL:ENSG00000150093,UniProtKB:P05556
ENSEMBL:ENSG00000198805,UniProtKB:V9HWH6
ENSEMBL:ENSG00000148229,UniProtKB:Q9NRF9
ENSEMBL:ENSG00000114200,UniProtKB:P06276
ENSEMBL:ENSG00000167653,UniProtKB:O43653
ENSEMBL:ENSG00000145692,UniProtKB:V9HWA4
ENSEMBL:ENSG00000091879,UniProtKB:O15123
ENSEMBL:ENSG00000012779,UniProtKB:P09917
ENSEMBL:ENSG00000111424,UniProtKB:P11473
ENSEMBL:ENSG00000148795,UniProtKB:Q1HB44
ENSEMBL:ENSG00000188379,UniProtKB:P01563
ENSEMBL:ENSG00000145494,UniProtKB:Q6IBC4
ENSEMBL:ENSG00000143384,UniProtKB:Q07820
ENSEMBL:ENSG00000136521,UniProtKB:O43674
ENSEMBL:ENSG00000125691,UniProtKB:P62829
ENSEMBL:ENSG00000102001,UniProtKB:O60840
ENSEMBL:ENSG00000129521,UniProtKB:Q9H6Z9
ENSEMBL:ENSG00000005339,UniProtKB:Q92793
ENSEMBL:ENSG00000205220,UniProtKB:P40306
ENSEMBL:ENSG00000277443,UniProtKB:Q6NVI1
ENSEMBL:ENSG00000122406,UniProtKB:P46777
ENSEMBL:ENSG00000116106,UniProtKB:P54764
ENSEMBL:ENSG00000233927,UniProtKB:P62857
ENSEMBL:ENSG00000110324,UniProtKB:Q13651
ENSEMBL:ENSG00000007968,UniProtKB:Q14209
ENSEMBL:ENSG00000117601,UniProtKB:P01008
ENSEMBL:ENSG00000273079,UniProtKB:Q13224
ENSEMBL:ENSG00000137875,UniProtKB:Q9HD36
ENSEMBL:ENSG00000185149,UniProtKB:P49146
ENSEMBL:ENSG00000089022,UniProtKB:Q8IW41
ENSEMBL:ENSG00000115607,UniProtKB:O95256
ENSEMBL:ENSG00000120949,UniProtKB:P28908
ENSEMBL:ENSG00000041357,UniProtKB:P25789
ENSEMBL:ENSG00000173083,UniProtKB:Q9Y251
ENSEMBL:ENSG00000213694,UniProtKB:Q99500
ENSEMBL:ENSG00000175054,UniProtKB:Q13535
ENSEMBL:ENSG00000138379,UniProtKB:Q53S46
ENSEMBL:ENSG00000101981,UniProtKB:P00740
ENSEMBL:ENSG00000185627,UniProtKB:Q9UNM6
ENSEMBL:ENSG00000198400,UniProtKB:X5DR71
ENSEMBL:ENSG00000112242,UniProtKB:O00716
ENSEMBL:ENSG00000186803,UniProtKB:P01566
ENSEMBL:ENSG00000049249,UniProtKB:Q07011
ENSEMBL:ENSG00000100311,UniProtKB:P01127
ENSEMBL:ENSG00000095303,UniProtKB:P23219
ENSEMBL:ENSG00000171509,UniProtKB:Q9HBX9
ENSEMBL:ENSG00000196218,UniProtKB:P21817
ENSEMBL:ENSG00000099795,UniProtKB:P17568
ENSEMBL:ENSG00000138039,UniProtKB:P22888
ENSEMBL:ENSG00000212907,UniProtKB:Q7GXZ4
ENSEMBL:ENSG00000221867,UniProtKB:P43357
ENSEMBL:ENSG00000112164,UniProtKB:P43220
ENSEMBL:ENSG00000143153,UniProtKB:P05026
ENSEMBL:ENSG00000197901,UniProtKB:Q4U2R8
ENSEMBL:ENSG00000080644,UniProtKB:P32297
ENSEMBL:ENSG00000196083,UniProtKB:Q9NPH3
ENSEMBL:ENSG00000010310,UniProtKB:P48546
ENSEMBL:ENSG00000175535,UniProtKB:P16233
ENSEMBL:ENSG00000066468,UniProtKB:S4R381
ENSEMBL:ENSG00000088926,UniProtKB:P03951
ENSEMBL:ENSG00000213903,UniProtKB:Q15722
ENSEMBL:ENSG00000100479,UniProtKB:P56282
ENSEMBL:ENSG00000165806,UniProtKB:P55210
ENSEMBL:ENSG00000087586,UniProtKB:O14965
ENSEMBL:ENSG00000123545,UniProtKB:Q9P032
ENSEMBL:ENSG00000056972,UniProtKB:O43734
ENSEMBL:ENSG00000105146,UniProtKB:Q9UQB9
ENSEMBL:ENSG00000185624,UniProtKB:P07237
ENSEMBL:ENSG00000087085,UniProtKB:P22303
ENSEMBL:ENSG00000168028,UniProtKB:P08865
ENSEMBL:ENSG00000092054,UniProtKB:P12883
ENSEMBL:ENSG00000154928,UniProtKB:P54762
ENSEMBL:ENSG00000109339,UniProtKB:Q499Y8
ENSEMBL:ENSG00000198888,UniProtKB:U5Z754
ENSEMBL:ENSG00000180772,UniProtKB:P50052
ENSEMBL:ENSG00000239961,UniProtKB:P59901
ENSEMBL:ENSG00000145335,UniProtKB:P37840
ENSEMBL:ENSG00000007314,UniProtKB:P35499
ENSEMBL:ENSG00000107854,UniProtKB:Q9H2K2
ENSEMBL:ENSG00000121807,UniProtKB:P41597
ENSEMBL:ENSG00000132155,UniProtKB:P04049
ENSEMBL:ENSG00000086991,UniProtKB:Q9NPH5
ENSEMBL:ENSG00000149273,UniProtKB:P23396
ENSEMBL:ENSG00000196549,UniProtKB:P08473
ENSEMBL:ENSG00000138326,UniProtKB:P62847
ENSEMBL:ENSG00000117013,UniProtKB:P56696
ENSEMBL:ENSG00000198121,UniProtKB:Q92633
ENSEMBL:ENSG00000263761,UniProtKB:Q9UK05
ENSEMBL:ENSG00000205250,UniProtKB:Q16254
ENSEMBL:ENSG00000164344,UniProtKB:P03952
ENSEMBL:ENSG00000083845,UniProtKB:P46782
ENSEMBL:ENSG00000178467,UniProtKB:Q9NXG6
ENSEMBL:ENSG00000110195,UniProtKB:P15328
ENSEMBL:ENSG00000164136,UniProtKB:P40933
ENSEMBL:ENSG00000140538,UniProtKB:X5DNW6
ENSEMBL:ENSG00000171385,UniProtKB:Q9UK17
ENSEMBL:ENSG00000197635,UniProtKB:P27487
ENSEMBL:ENSG00000004468,UniProtKB:P28907
ENSEMBL:ENSG00000100346,UniProtKB:Q9P0X4
ENSEMBL:ENSG00000106144,UniProtKB:P42575
ENSEMBL:ENSG00000182389,UniProtKB:O00305
ENSEMBL:ENSG00000130702,UniProtKB:O15230
ENSEMBL:ENSG00000171298,UniProtKB:P10253
ENSEMBL:ENSG00000132840,UniProtKB:Q9H2M3
ENSEMBL:ENSG00000115268,UniProtKB:P62841
ENSEMBL:ENSG00000228716,UniProtKB:P00374
ENSEMBL:ENSG00000196811,UniProtKB:P07510
ENSEMBL:ENSG00000185291,UniProtKB:P26951
ENSEMBL:ENSG00000179142,UniProtKB:P19099
ENSEMBL:ENSG00000013275,UniProtKB:P43686
ENSEMBL:ENSG00000182899,UniProtKB:P18077
ENSEMBL:ENSG00000065361,UniProtKB:P21860
ENSEMBL:ENSG00000111291,UniProtKB:Q9NZD1
ENSEMBL:ENSG00000124493,UniProtKB:Q14833
ENSEMBL:ENSG00000153253,UniProtKB:Q9NY46
ENSEMBL:ENSG00000196482,UniProtKB:P62508
ENSEMBL:ENSG00000100030,UniProtKB:Q499G7
ENSEMBL:ENSG00000184611,UniProtKB:Q9NS40
ENSEMBL:ENSG00000170745,UniProtKB:Q9BQ31
ENSEMBL:ENSG00000160932,UniProtKB:Q16553
ENSEMBL:ENSG00000182255,UniProtKB:P22459
ENSEMBL:ENSG00000156482,UniProtKB:P62888
ENSEMBL:ENSG00000142512,UniProtKB:Q96LC7
ENSEMBL:ENSG00000134489,UniProtKB:Q9H3N8
ENSEMBL:ENSG00000122420,UniProtKB:P43088
ENSEMBL:ENSG00000167792,UniProtKB:P49821
ENSEMBL:ENSG00000067191,UniProtKB:Q02641
ENSEMBL:ENSG00000152256,UniProtKB:Q15118
ENSEMBL:ENSG00000108576,UniProtKB:P31645
ENSEMBL:ENSG00000181163,UniProtKB:P06748
ENSEMBL:ENSG00000071082,UniProtKB:P62899
ENSEMBL:ENSG00000162889,UniProtKB:P49137
ENSEMBL:ENSG00000182578,UniProtKB:P07333
ENSEMBL:ENSG00000282608,UniProtKB:P0DMS8
ENSEMBL:ENSG00000122121,UniProtKB:O43895
ENSEMBL:ENSG00000116016,UniProtKB:Q99814
ENSEMBL:ENSG00000187758,UniProtKB:P07327
ENSEMBL:ENSG00000009724,UniProtKB:O00187
ENSEMBL:ENSG00000179546,UniProtKB:P28221
ENSEMBL:ENSG00000115602,UniProtKB:Q01638
ENSEMBL:ENSG00000170017,UniProtKB:Q13740
ENSEMBL:ENSG00000005381,UniProtKB:P05164
ENSEMBL:ENSG00000174437,UniProtKB:P16615
ENSEMBL:ENSG00000152086,UniProtKB:Q6PEY2
ENSEMBL:ENSG00000198763,UniProtKB:Q7GXY9
ENSEMBL:ENSG00000014257,UniProtKB:P15309
ENSEMBL:ENSG00000177885,UniProtKB:P62993
ENSEMBL:ENSG00000141867,UniProtKB:O60885
ENSEMBL:ENSG00000163655,UniProtKB:P49915
ENSEMBL:ENSG00000198786,UniProtKB:U5ZC31
ENSEMBL:ENSG00000134318,UniProtKB:Q14DU5
ENSEMBL:ENSG00000137267,UniProtKB:Q13885
ENSEMBL:ENSG00000182326,UniProtKB:P09871
ENSEMBL:ENSG00000115008,UniProtKB:P01583
ENSEMBL:ENSG00000094631,UniProtKB:Q9UBN7
ENSEMBL:ENSG00000106327,UniProtKB:Q9UP52
ENSEMBL:ENSG00000074370,UniProtKB:Q93084
ENSEMBL:ENSG00000104365,UniProtKB:O14920
ENSEMBL:ENSG00000184984,UniProtKB:Q8IVW0
ENSEMBL:ENSG00000130816,UniProtKB:Q59FP7
ENSEMBL:ENSG00000140545,UniProtKB:Q08431
ENSEMBL:ENSG00000113302,UniProtKB:P29460
ENSEMBL:ENSG00000004487,UniProtKB:O60341
ENSEMBL:ENSG00000057593,UniProtKB:P08709
ENSEMBL:ENSG00000152578,UniProtKB:Q1WWK6
ENSEMBL:ENSG00000278195,UniProtKB:P32745
ENSEMBL:ENSG00000101162,UniProtKB:Q9H4B7
ENSEMBL:ENSG00000167941,UniProtKB:Q9BQB4
ENSEMBL:ENSG00000134545,UniProtKB:P26715
ENSEMBL:ENSG00000062822,UniProtKB:Q59FA0
ENSEMBL:ENSG00000145777,UniProtKB:Q969D9
ENSEMBL:ENSG00000138613,UniProtKB:Q8WW43
ENSEMBL:ENSG00000177283,UniProtKB:Q9H461
ENSEMBL:ENSG00000187266,UniProtKB:P19235
ENSEMBL:ENSG00000106258,UniProtKB:P20815
ENSEMBL:ENSG00000182774,UniProtKB:P08708
ENSEMBL:ENSG00000198734,UniProtKB:P12259
ENSEMBL:ENSG00000242950,UniProtKB:Q9UQF0
ENSEMBL:ENSG00000154589,UniProtKB:Q9Y6Y9
ENSEMBL:ENSG00000197756,UniProtKB:P61513
ENSEMBL:ENSG00000213619,UniProtKB:O75489
ENSEMBL:ENSG00000171522,UniProtKB:P35408
ENSEMBL:ENSG00000167986,UniProtKB:Q16531
ENSEMBL:ENSG00000198033,UniProtKB:P0DPH7
ENSEMBL:ENSG00000184304,UniProtKB:Q15139
ENSEMBL:ENSG00000117298,UniProtKB:P42892
ENSEMBL:ENSG00000158445,UniProtKB:Q14721
ENSEMBL:ENSG00000117586,UniProtKB:P23510
ENSEMBL:ENSG00000167258,UniProtKB:Q9NYV4
ENSEMBL:ENSG00000168418,UniProtKB:Q8TDN1
ENSEMBL:ENSG00000148926,UniProtKB:P35318
ENSEMBL:ENSG00000175591,UniProtKB:P41231
ENSEMBL:ENSG00000176014,UniProtKB:Q9BUF5
ENSEMBL:ENSG00000131408,UniProtKB:P55055
ENSEMBL:ENSG00000156345,UniProtKB:Q8IZL9
ENSEMBL:ENSG00000122025,UniProtKB:P36888
ENSEMBL:ENSG00000105650,UniProtKB:Q7KYS4
ENSEMBL:ENSG00000065518,UniProtKB:O95168
ENSEMBL:ENSG00000136942,UniProtKB:P42766
ENSEMBL:ENSG00000166603,UniProtKB:P32245
ENSEMBL:ENSG00000169398,UniProtKB:Q658W2
ENSEMBL:ENSG00000256713,UniProtKB:P0DJD9
ENSEMBL:ENSG00000100433,UniProtKB:P57789
ENSEMBL:ENSG00000118181,UniProtKB:P62851
ENSEMBL:ENSG00000116044,UniProtKB:Q16236
ENSEMBL:ENSG00000196296,UniProtKB:Q7Z675
ENSEMBL:ENSG00000073417,UniProtKB:O60658
ENSEMBL:ENSG00000145545,UniProtKB:P18405
ENSEMBL:ENSG00000163873,UniProtKB:Q13003
ENSEMBL:ENSG00000213741,UniProtKB:P62273
ENSEMBL:ENSG00000150337,UniProtKB:P12314
ENSEMBL:ENSG00000151090,UniProtKB:P10828
ENSEMBL:ENSG00000101470,UniProtKB:P02585
ENSEMBL:ENSG00000160801,UniProtKB:Q0VGD7
ENSEMBL:ENSG00000097046,UniProtKB:O00311
ENSEMBL:ENSG00000005844,UniProtKB:P20701
ENSEMBL:ENSG00000211452,UniProtKB:P49895
ENSEMBL:ENSG00000101182,UniProtKB:O14818
ENSEMBL:ENSG00000130414,UniProtKB:O95299
ENSEMBL:ENSG00000100316,UniProtKB:Q96QL0
ENSEMBL:ENSG00000136869,UniProtKB:O00206
ENSEMBL:ENSG00000204256,UniProtKB:X5CF57
ENSEMBL:ENSG00000197442,UniProtKB:Q99683
ENSEMBL:ENSG00000185245,UniProtKB:P07359
ENSEMBL:ENSG00000123992,UniProtKB:Q9ULA0
ENSEMBL:ENSG00000113575,UniProtKB:P67775
ENSEMBL:ENSG00000105193,UniProtKB:P62249
ENSEMBL:ENSG00000105810,UniProtKB:Q00534
ENSEMBL:ENSG00000164509,UniProtKB:Q8NI17
ENSEMBL:ENSG00000160868,UniProtKB:Q6GRK0
ENSEMBL:ENSG00000169860,UniProtKB:P47900
ENSEMBL:ENSG00000148680,UniProtKB:P34969
ENSEMBL:ENSG00000168959,UniProtKB:P41594
ENSEMBL:ENSG00000149294,UniProtKB:P13591
ENSEMBL:ENSG00000162711,UniProtKB:Q96P20
ENSEMBL:ENSG00000108039,UniProtKB:Q9NQW7
ENSEMBL:ENSG00000158104,UniProtKB:P32754
ENSEMBL:ENSG00000050748,UniProtKB:P45984
ENSEMBL:ENSG00000138435,UniProtKB:Q53SH4
ENSEMBL:ENSG00000185010,UniProtKB:P00451
ENSEMBL:ENSG00000012124,UniProtKB:Q0EAF5
ENSEMBL:ENSG00000080224,UniProtKB:Q9UF33
ENSEMBL:ENSG00000172819,UniProtKB:P13631
ENSEMBL:ENSG00000077092,UniProtKB:Q86UC5
ENSEMBL:ENSG00000143167,UniProtKB:Q99795
ENSEMBL:ENSG00000161638,UniProtKB:P08648
ENSEMBL:ENSG00000197646,UniProtKB:Q9BQ51
ENSEMBL:ENSG00000158825,UniProtKB:P32320
ENSEMBL:ENSG00000182866,UniProtKB:Q573B4
ENSEMBL:ENSG00000185436,UniProtKB:Q8IU57
ENSEMBL:ENSG00000173273,UniProtKB:O95271
ENSEMBL:ENSG00000089692,UniProtKB:P18627
ENSEMBL:ENSG00000167658,UniProtKB:P13639
ENSEMBL:ENSG00000259207,UniProtKB:P05106
ENSEMBL:ENSG00000010610,UniProtKB:P01730
ENSEMBL:ENSG00000183087,UniProtKB:Q14393
ENSEMBL:ENSG00000022355,UniProtKB:P14867
ENSEMBL:ENSG00000069764,UniProtKB:O15496
ENSEMBL:ENSG00000112033,UniProtKB:Q03181
ENSEMBL:ENSG00000147257,UniProtKB:Q53H15
ENSEMBL:ENSG00000184160,UniProtKB:Q4W594
ENSEMBL:ENSG00000116711,UniProtKB:P47712
ENSEMBL:ENSG00000164308,UniProtKB:Q6P179
ENSEMBL:ENSG00000099341,UniProtKB:V9HW09
ENSEMBL:ENSG00000169418,UniProtKB:P16066
ENSEMBL:ENSG00000178562,UniProtKB:P10747
ENSEMBL:ENSG00000047936,UniProtKB:P08922
ENSEMBL:ENSG00000082701,UniProtKB:Q6FI27
ENSEMBL:ENSG00000130037,UniProtKB:P22460
ENSEMBL:ENSG00000181104,UniProtKB:P25116
ENSEMBL:ENSG00000111816,UniProtKB:P42685
ENSEMBL:ENSG00000126934,UniProtKB:P36507
ENSEMBL:ENSG00000110944,UniProtKB:Q9NPF7
ENSEMBL:ENSG00000104368,UniProtKB:P00750
ENSEMBL:ENSG00000137673,UniProtKB:P09237
ENSEMBL:ENSG00000122194,UniProtKB:Q5TEH5
ENSEMBL:ENSG00000101665,UniProtKB:O15105
ENSEMBL:ENSG00000147168,UniProtKB:P31785
ENSEMBL:ENSG00000198838,UniProtKB:Q15413
ENSEMBL:ENSG00000171094,UniProtKB:Q9UM73
ENSEMBL:ENSG00000140459,UniProtKB:P05108
ENSEMBL:ENSG00000171759,UniProtKB:P00439
ENSEMBL:ENSG00000168830,UniProtKB:P28566
ENSEMBL:ENSG00000135318,UniProtKB:Q6NZX3
ENSEMBL:ENSG00000184588,UniProtKB:X5DR82
ENSEMBL:ENSG00000115594,UniProtKB:P14778
ENSEMBL:ENSG00000037280,UniProtKB:P35916
ENSEMBL:ENSG00000133703,UniProtKB:P01116
ENSEMBL:ENSG00000134058,UniProtKB:P50613
ENSEMBL:ENSG00000105221,UniProtKB:P31751
ENSEMBL:ENSG00000198216,UniProtKB:Q59FG1
ENSEMBL:ENSG00000257365,UniProtKB:A0A384MEJ5
ENSEMBL:ENSG00000120242,UniProtKB:P32881
ENSEMBL:ENSG00000137154,UniProtKB:P62753
ENSEMBL:ENSG00000087494,UniProtKB:Q53XY9
ENSEMBL:ENSG00000137275,UniProtKB:Q13546
ENSEMBL:ENSG00000100300,UniProtKB:P30536
ENSEMBL:ENSG00000115310,UniProtKB:Q9NQC3
ENSEMBL:ENSG00000131187,UniProtKB:Q8IZZ5
ENSEMBL:ENSG00000142676,UniProtKB:Q5VVD0
ENSEMBL:ENSG00000159164,UniProtKB:Q7L0J3
ENSEMBL:ENSG00000112541,UniProtKB:Q9Y233
ENSEMBL:ENSG00000174444,UniProtKB:P36578
ENSEMBL:ENSG00000142156,UniProtKB:P12109
ENSEMBL:ENSG00000128052,UniProtKB:P35968
ENSEMBL:ENSG00000167286,UniProtKB:P04234
ENSEMBL:ENSG00000163251,UniProtKB:Q13467
ENSEMBL:ENSG00000186642,UniProtKB:Q8IW54
ENSEMBL:ENSG00000118271,UniProtKB:P02766
ENSEMBL:ENSG00000112116,UniProtKB:Q96PD4
ENSEMBL:ENSG00000139287,UniProtKB:Q8IWU9
ENSEMBL:ENSG00000132329,UniProtKB:O60894
ENSEMBL:ENSG00000140718,UniProtKB:Q9C0B1
ENSEMBL:ENSG00000102312,UniProtKB:Q9H237
ENSEMBL:ENSG00000147099,UniProtKB:Q9BY41
ENSEMBL:ENSG00000160194,UniProtKB:P56181
ENSEMBL:ENSG00000113580,UniProtKB:P04150
ENSEMBL:ENSG00000084207,UniProtKB:V9HWE9
ENSEMBL:ENSG00000198840,UniProtKB:Q7GXZ5
ENSEMBL:ENSG00000139053,UniProtKB:Q13956
ENSEMBL:ENSG00000003436,UniProtKB:P10646
ENSEMBL:ENSG00000075461,UniProtKB:Q9UBN1
ENSEMBL:ENSG00000173198,UniProtKB:Q9Y271
ENSEMBL:ENSG00000198886,UniProtKB:P03905
ENSEMBL:ENSG00000154188,UniProtKB:Q15389
ENSEMBL:ENSG00000021461,UniProtKB:Q9HB55
ENSEMBL:ENSG00000154678,UniProtKB:Q14123
ENSEMBL:ENSG00000123496,UniProtKB:Q14627
ENSEMBL:ENSG00000050555,UniProtKB:Q9Y6N6
ENSEMBL:ENSG00000182333,UniProtKB:P07098
ENSEMBL:ENSG00000089250,UniProtKB:P29475
ENSEMBL:ENSG00000182054,UniProtKB:P48735
ENSEMBL:ENSG00000126583,UniProtKB:P05129
ENSEMBL:ENSG00000111142,UniProtKB:P50579
ENSEMBL:ENSG00000214042,UniProtKB:P01567
ENSEMBL:ENSG00000111725,UniProtKB:Q9Y478
ENSEMBL:ENSG00000109320,UniProtKB:P19838
ENSEMBL:ENSG00000197958,UniProtKB:P30050
ENSEMBL:ENSG00000104848,UniProtKB:Q96RP8
ENSEMBL:ENSG00000186468,UniProtKB:P62266
ENSEMBL:ENSG00000089558,UniProtKB:Q9UQ05
ENSEMBL:ENSG00000128917,UniProtKB:Q9NR61
ENSEMBL:ENSG00000126218,UniProtKB:Q5JVE8
ENSEMBL:ENSG00000164307,UniProtKB:Q9NZ08
ENSEMBL:ENSG00000177301,UniProtKB:P16389
ENSEMBL:ENSG00000171126,UniProtKB:Q8TAE7
ENSEMBL:ENSG00000141506,UniProtKB:Q8WYR1
ENSEMBL:ENSG00000144285,UniProtKB:P35498
ENSEMBL:ENSG00000067900,UniProtKB:Q13464
ENSEMBL:ENSG00000166501,UniProtKB:P05771
ENSEMBL:ENSG00000168522,UniProtKB:P49354
ENSEMBL:ENSG00000105605,UniProtKB:P62955
ENSEMBL:ENSG00000120217,UniProtKB:Q9NZQ7
ENSEMBL:ENSG00000141564,UniProtKB:Q8N122
ENSEMBL:ENSG00000182256,UniProtKB:Q99928
ENSEMBL:ENSG00000168542,UniProtKB:P02461
ENSEMBL:ENSG00000106348,UniProtKB:Q6ZNB1
ENSEMBL:ENSG00000008018,UniProtKB:P20618
ENSEMBL:ENSG00000112715,UniProtKB:P15692
ENSEMBL:ENSG00000169676,UniProtKB:P21918
ENSEMBL:ENSG00000079999,UniProtKB:Q14145
ENSEMBL:ENSG00000198056,UniProtKB:P49642
ENSEMBL:ENSG00000184752,UniProtKB:Q9UI09
ENSEMBL:ENSG00000138395,UniProtKB:Q96Q40
ENSEMBL:ENSG00000061273,UniProtKB:Q8WUI4
ENSEMBL:ENSG00000101266,UniProtKB:P68400
ENSEMBL:ENSG00000197405,UniProtKB:P21730
ENSEMBL:ENSG00000134333,UniProtKB:V9HWB9
ENSEMBL:ENSG00000204291,UniProtKB:P39059
ENSEMBL:ENSG00000134640,UniProtKB:P49286
ENSEMBL:ENSG00000087245,UniProtKB:P08253
ENSEMBL:ENSG00000142173,UniProtKB:P12110
ENSEMBL:ENSG00000100097,UniProtKB:P09382
ENSEMBL:ENSG00000127318,UniProtKB:Q9GZX6
ENSEMBL:ENSG00000170889,UniProtKB:P46781
ENSEMBL:ENSG00000157184,UniProtKB:P23786
ENSEMBL:ENSG00000197616,UniProtKB:P13533
ENSEMBL:ENSG00000183454,UniProtKB:Q59EW6
ENSEMBL:ENSG00000116478,UniProtKB:Q6IT96
ENSEMBL:ENSG00000215182,UniProtKB:P98088
ENSEMBL:ENSG00000125266,UniProtKB:P52799
ENSEMBL:ENSG00000180871,UniProtKB:Q53PC4
ENSEMBL:ENSG00000090339,UniProtKB:P05362
ENSEMBL:ENSG00000104689,UniProtKB:O00220
ENSEMBL:ENSG00000196839,UniProtKB:P00813
ENSEMBL:ENSG00000168263,UniProtKB:Q8TDN2
ENSEMBL:ENSG00000010322,UniProtKB:Q9Y2I1
ENSEMBL:ENSG00000104833,UniProtKB:P04350
ENSEMBL:ENSG00000100567,UniProtKB:P25788
ENSEMBL:ENSG00000138685,UniProtKB:P09038
ENSEMBL:ENSG00000072062,UniProtKB:P17612
ENSEMBL:ENSG00000164587,UniProtKB:P62263
ENSEMBL:ENSG00000161970,UniProtKB:P61254
ENSEMBL:ENSG00000160255,UniProtKB:P05107
ENSEMBL:ENSG00000169252,UniProtKB:X5DQM5
ENSEMBL:ENSG00000173585,UniProtKB:P51686
ENSEMBL:ENSG00000164647,UniProtKB:Q9UHE8
ENSEMBL:ENSG00000167207,UniProtKB:Q9HC29
ENSEMBL:ENSG00000069535,UniProtKB:P27338
ENSEMBL:ENSG00000112306,UniProtKB:P25398
ENSEMBL:ENSG00000107165,UniProtKB:P17643
ENSEMBL:ENSG00000136160,UniProtKB:P24530
ENSEMBL:ENSG00000112759,UniProtKB:Q99808
ENSEMBL:ENSG00000143106,UniProtKB:P28066
ENSEMBL:ENSG00000073803,UniProtKB:O43283
ENSEMBL:ENSG00000127472,UniProtKB:P39877
ENSEMBL:ENSG00000106633,UniProtKB:Q53Y25
ENSEMBL:ENSG00000147262,UniProtKB:Q8TDV5
ENSEMBL:ENSG00000110717,UniProtKB:O00217
ENSEMBL:ENSG00000112742,UniProtKB:P33981
ENSEMBL:ENSG00000131747,UniProtKB:P11388
ENSEMBL:ENSG00000166862,UniProtKB:Q9Y698
ENSEMBL:ENSG00000146143,UniProtKB:P49643
ENSEMBL:ENSG00000102967,UniProtKB:Q02127
ENSEMBL:ENSG00000108443,UniProtKB:P23443
ENSEMBL:ENSG00000064989,UniProtKB:Q16602
ENSEMBL:ENSG00000186009,UniProtKB:P51164
ENSEMBL:ENSG00000205155,UniProtKB:Q9NZ42
ENSEMBL:ENSG00000120738,UniProtKB:Q546S1
ENSEMBL:ENSG00000186297,UniProtKB:P31644
ENSEMBL:ENSG00000104783,UniProtKB:O15554
ENSEMBL:ENSG00000169245,UniProtKB:P02778
ENSEMBL:ENSG00000147403,UniProtKB:X5D2T3
ENSEMBL:ENSG00000111321,UniProtKB:P36941
ENSEMBL:ENSG00000186827,UniProtKB:P43489
ENSEMBL:ENSG00000110876,UniProtKB:Q14242
ENSEMBL:ENSG00000188257,UniProtKB:P14555
ENSEMBL:ENSG00000148606,UniProtKB:O14802
ENSEMBL:ENSG00000164116,UniProtKB:Q02108
ENSEMBL:ENSG00000111262,UniProtKB:Q09470
ENSEMBL:ENSG00000159593,UniProtKB:Q13564
ENSEMBL:ENSG00000171502,UniProtKB:Q17RW2
ENSEMBL:ENSG00000185015,UniProtKB:Q8N1Q1
ENSEMBL:ENSG00000101188,UniProtKB:P30989
ENSEMBL:ENSG00000151694,UniProtKB:P78536
ENSEMBL:ENSG00000181019,UniProtKB:P15559
ENSEMBL:ENSG00000129244,UniProtKB:P14415
ENSEMBL:ENSG00000144891,UniProtKB:Q6NUP5
ENSEMBL:ENSG00000169427,UniProtKB:Q9NPC2
ENSEMBL:ENSG00000125255,UniProtKB:Q12908
ENSEMBL:ENSG00000155111,UniProtKB:Q9BWU1
ENSEMBL:ENSG00000186038,UniProtKB:A5X5Y0
ENSEMBL:ENSG00000067182,UniProtKB:P19438
ENSEMBL:ENSG00000118972,UniProtKB:Q9GZV9
ENSEMBL:ENSG00000185633,UniProtKB:Q9NRX3
ENSEMBL:ENSG00000163485,UniProtKB:P30542
ENSEMBL:ENSG00000108107,UniProtKB:P46779
ENSEMBL:ENSG00000100385,UniProtKB:P14784
ENSEMBL:ENSG00000167535,UniProtKB:P54284
ENSEMBL:ENSG00000158864,UniProtKB:O75306
ENSEMBL:ENSG00000253729,UniProtKB:P78527
ENSEMBL:ENSG00000130758,UniProtKB:Q02779
ENSEMBL:ENSG00000103546,UniProtKB:P23975
ENSEMBL:ENSG00000171720,UniProtKB:O15379
ENSEMBL:ENSG00000023445,UniProtKB:Q13489
ENSEMBL:ENSG00000165264,UniProtKB:O95139
ENSEMBL:ENSG00000174175,UniProtKB:Q6NUL9
ENSEMBL:ENSG00000143171,UniProtKB:P48443
ENSEMBL:ENSG00000114739,UniProtKB:Q13705
ENSEMBL:ENSG00000198049,UniProtKB:P47901
ENSEMBL:ENSG00000169403,UniProtKB:P25105
ENSEMBL:ENSG00000146374,UniProtKB:Q9BXY4
ENSEMBL:ENSG00000108878,UniProtKB:Q06432
ENSEMBL:ENSG00000150594,UniProtKB:P08913
ENSEMBL:ENSG00000108821,UniProtKB:P02452
ENSEMBL:ENSG00000117020,UniProtKB:Q9Y243
ENSEMBL:ENSG00000123700,UniProtKB:P63252
ENSEMBL:ENSG00000119772,UniProtKB:Q9Y6K1
ENSEMBL:ENSG00000120251,UniProtKB:P42262
ENSEMBL:ENSG00000145864,UniProtKB:P47870
ENSEMBL:ENSG00000177954,UniProtKB:P42677
ENSEMBL:ENSG00000169032,UniProtKB:Q02750
ENSEMBL:ENSG00000102010,UniProtKB:P51813
ENSEMBL:ENSG00000121879,UniProtKB:Q4LE51
ENSEMBL:ENSG00000011485,UniProtKB:P53041
ENSEMBL:ENSG00000164270,UniProtKB:Q13639
ENSEMBL:ENSG00000177084,UniProtKB:Q07864
ENSEMBL:ENSG00000069696,UniProtKB:P21917
ENSEMBL:ENSG00000006283,UniProtKB:O43497
ENSEMBL:ENSG00000081052,UniProtKB:P53420
ENSEMBL:ENSG00000175634,UniProtKB:Q9UBS0
ENSEMBL:ENSG00000147246,UniProtKB:P28335
ENSEMBL:ENSG00000176393,UniProtKB:Q9H4A4
ENSEMBL:ENSG00000129824,UniProtKB:P22090
ENSEMBL:ENSG00000186090,UniProtKB:Q70Z44
ENSEMBL:ENSG00000117400,UniProtKB:P40238
ENSEMBL:ENSG00000131495,UniProtKB:O43678
ENSEMBL:ENSG00000171863,UniProtKB:P62081
ENSEMBL:ENSG00000145675,UniProtKB:P27986
ENSEMBL:ENSG00000072133,UniProtKB:Q9UK32
ENSEMBL:ENSG00000267534,UniProtKB:O95136
ENSEMBL:ENSG00000140990,UniProtKB:O96000
ENSEMBL:ENSG00000139842,UniProtKB:Q13619
ENSEMBL:ENSG00000139219,UniProtKB:P02458
ENSEMBL:ENSG00000139567,UniProtKB:P37023
ENSEMBL:ENSG00000164182,UniProtKB:Q8N183
ENSEMBL:ENSG00000118113,UniProtKB:P22894
ENSEMBL:ENSG00000159640,UniProtKB:P12821
ENSEMBL:ENSG00000017427,UniProtKB:Q5U743
ENSEMBL:ENSG00000171855,UniProtKB:P01574
ENSEMBL:ENSG00000135902,UniProtKB:Q07001
ENSEMBL:ENSG00000186868,UniProtKB:P10636
ENSEMBL:ENSG00000166828,UniProtKB:P51170
ENSEMBL:ENSG00000178568,UniProtKB:Q15303
ENSEMBL:ENSG00000143627,UniProtKB:P30613
ENSEMBL:ENSG00000135312,UniProtKB:X5D7I5
ENSEMBL:ENSG00000143947,UniProtKB:P62979
ENSEMBL:ENSG00000120235,UniProtKB:P05013
ENSEMBL:ENSG00000167552,UniProtKB:Q71U36
ENSEMBL:ENSG00000160191,UniProtKB:O76083
ENSEMBL:ENSG00000114013,UniProtKB:P42081
ENSEMBL:ENSG00000010671,UniProtKB:Q5JY90
ENSEMBL:ENSG00000103222,UniProtKB:P33527
ENSEMBL:ENSG00000106628,UniProtKB:P49005
ENSEMBL:ENSG00000143217,UniProtKB:Q96NY8
ENSEMBL:ENSG00000162736,UniProtKB:Q92542
ENSEMBL:ENSG00000077498,UniProtKB:P14679
ENSEMBL:ENSG00000186795,UniProtKB:Q7Z418
ENSEMBL:ENSG00000184428,UniProtKB:Q969P6
ENSEMBL:ENSG00000184845,UniProtKB:P21728
ENSEMBL:ENSG00000119888,UniProtKB:P16422
ENSEMBL:ENSG00000171552,UniProtKB:Q5TE63
ENSEMBL:ENSG00000011677,UniProtKB:P34903
ENSEMBL:ENSG00000163599,UniProtKB:P16410
ENSEMBL:ENSG00000102854,UniProtKB:Q13421
ENSEMBL:ENSG00000171873,UniProtKB:P25100
ENSEMBL:ENSG00000232810,UniProtKB:Q5STB3
ENSEMBL:ENSG00000165916,UniProtKB:P17980
ENSEMBL:ENSG00000070019,UniProtKB:P25092
ENSEMBL:ENSG00000110721,UniProtKB:P35790
ENSEMBL:ENSG00000146070,UniProtKB:Q13093
ENSEMBL:ENSG00000107643,UniProtKB:P45983
ENSEMBL:ENSG00000262406,UniProtKB:P39900
ENSEMBL:ENSG00000125508,UniProtKB:Q9H3Y6
ENSEMBL:ENSG00000178342,UniProtKB:Q9UJ96
ENSEMBL:ENSG00000104695,UniProtKB:P62714
ENSEMBL:ENSG00000147873,UniProtKB:P01569
ENSEMBL:ENSG00000132906,UniProtKB:P55211
ENSEMBL:ENSG00000123360,UniProtKB:Q7Z364
ENSEMBL:ENSG00000117525,UniProtKB:P13726
ENSEMBL:ENSG00000176387,UniProtKB:P80365
ENSEMBL:ENSG00000172809,UniProtKB:P63173
ENSEMBL:ENSG00000185324,UniProtKB:Q15131
ENSEMBL:ENSG00000243772,UniProtKB:P43628
ENSEMBL:ENSG00000008988,UniProtKB:P60866
ENSEMBL:ENSG00000166825,UniProtKB:Q59E93
ENSEMBL:ENSG00000108691,UniProtKB:P13500
ENSEMBL:ENSG00000138814,UniProtKB:Q08209
ENSEMBL:ENSG00000169925,UniProtKB:Q15059
ENSEMBL:ENSG00000182674,UniProtKB:Q92953
ENSEMBL:ENSG00000149305,UniProtKB:O95264
ENSEMBL:ENSG00000102245,UniProtKB:P29965
ENSEMBL:ENSG00000132915,UniProtKB:P16499
ENSEMBL:ENSG00000089685,UniProtKB:O15392
ENSEMBL:ENSG00000133895,UniProtKB:Q9GZQ5
ENSEMBL:ENSG00000100985,UniProtKB:P14780
ENSEMBL:ENSG00000135519,UniProtKB:Q9ULD8
ENSEMBL:ENSG00000074181,UniProtKB:Q9UM47
ENSEMBL:ENSG00000099875,UniProtKB:Q9HBH9
ENSEMBL:ENSG00000171608,UniProtKB:O00329
ENSEMBL:ENSG00000117560,UniProtKB:Q53ZZ1
ENSEMBL:ENSG00000091972,UniProtKB:P41217
ENSEMBL:ENSG00000131620,UniProtKB:Q9NW72
ENSEMBL:ENSG00000187498,UniProtKB:P02462
ENSEMBL:ENSG00000074410,UniProtKB:O43570
ENSEMBL:ENSG00000172889,UniProtKB:Q9UHF1
ENSEMBL:ENSG00000023228,UniProtKB:P28331
ENSEMBL:ENSG00000115419,UniProtKB:Q68D38
ENSEMBL:ENSG00000132965,UniProtKB:P20292
ENSEMBL:ENSG00000173039,UniProtKB:Q04206
ENSEMBL:ENSG00000104267,UniProtKB:V9HW21
ENSEMBL:ENSG00000161057,UniProtKB:P35998
ENSEMBL:ENSG00000118432,UniProtKB:V5KA96
ENSEMBL:ENSG00000113749,UniProtKB:P25021
ENSEMBL:ENSG00000196262,UniProtKB:V9HWF5
ENSEMBL:ENSG00000124614,UniProtKB:P46783
ENSEMBL:ENSG00000117676,UniProtKB:Q15418
ENSEMBL:ENSG00000125910,UniProtKB:O95977
ENSEMBL:ENSG00000004799,UniProtKB:Q16654
ENSEMBL:ENSG00000100804,UniProtKB:P28074
ENSEMBL:ENSG00000147955,UniProtKB:Q99720
ENSEMBL:ENSG00000132681,UniProtKB:Q13733
ENSEMBL:ENSG00000185527,UniProtKB:P18545
ENSEMBL:ENSG00000043591,UniProtKB:P08588
ENSEMBL:ENSG00000171560,UniProtKB:P02671
ENSEMBL:ENSG00000102096,UniProtKB:Q9P1W9
ENSEMBL:ENSG00000106462,UniProtKB:S4S3R8
ENSEMBL:ENSG00000149452,UniProtKB:Q8TCC7
ENSEMBL:ENSG00000123416,UniProtKB:P68363
ENSEMBL:ENSG00000125356,UniProtKB:Q6IBB5
ENSEMBL:ENSG00000197894,UniProtKB:Q6IRT1
ENSEMBL:ENSG00000014138,UniProtKB:Q14181
ENSEMBL:ENSG00000100462,UniProtKB:O14744
ENSEMBL:ENSG00000171105,UniProtKB:P06213
ENSEMBL:ENSG00000167553,UniProtKB:Q9BQE3
ENSEMBL:ENSG00000110148,UniProtKB:P32239
ENSEMBL:ENSG00000113263,UniProtKB:Q08881
ENSEMBL:ENSG00000169239,UniProtKB:Q9Y2D0
ENSEMBL:ENSG00000143105,UniProtKB:Q16322
ENSEMBL:ENSG00000111199,UniProtKB:Q9HBA0
ENSEMBL:ENSG00000115159,UniProtKB:P43304
ENSEMBL:ENSG00000078061,UniProtKB:Q96II5
ENSEMBL:ENSG00000102287,UniProtKB:P78334
ENSEMBL:ENSG00000137462,UniProtKB:O60603
ENSEMBL:ENSG00000241343,UniProtKB:P83881
ENSEMBL:ENSG00000196236,UniProtKB:Q9NQH7
ENSEMBL:ENSG00000111537,UniProtKB:P01579
ENSEMBL:ENSG00000163217,UniProtKB:O95393
ENSEMBL:ENSG00000196611,UniProtKB:Q53G95
ENSEMBL:ENSG00000006210,UniProtKB:P78423
ENSEMBL:ENSG00000171791,UniProtKB:P10415
ENSEMBL:ENSG00000069431,UniProtKB:O60706
ENSEMBL:ENSG00000163558,UniProtKB:P41743
ENSEMBL:ENSG00000198034,UniProtKB:P62701
ENSEMBL:ENSG00000171631,UniProtKB:Q15077
ENSEMBL:ENSG00000196230,UniProtKB:Q5SU16
ENSEMBL:ENSG00000113441,UniProtKB:Q9UIQ6
ENSEMBL:ENSG00000067606,UniProtKB:Q05513
ENSEMBL:ENSG00000112062,UniProtKB:Q16539
ENSEMBL:ENSG00000228083,UniProtKB:P01570
ENSEMBL:ENSG00000188822,UniProtKB:P34972
ENSEMBL:ENSG00000149295,UniProtKB:P14416
ENSEMBL:ENSG00000066405,UniProtKB:P56856
ENSEMBL:ENSG00000099866,UniProtKB:Q13477
ENSEMBL:ENSG00000149554,UniProtKB:O14757
ENSEMBL:ENSG00000169783,UniProtKB:Q96FE5
ENSEMBL:ENSG00000142408,UniProtKB:Q8WXS5
ENSEMBL:ENSG00000164024,UniProtKB:P53582
ENSEMBL:ENSG00000004779,UniProtKB:O14561
ENSEMBL:ENSG00000156973,UniProtKB:Q6IB24
ENSEMBL:ENSG00000130706,UniProtKB:Q16186
ENSEMBL:ENSG00000113851,UniProtKB:Q96SW2
ENSEMBL:ENSG00000125726,UniProtKB:P32970
ENSEMBL:ENSG00000106366,UniProtKB:P05121
ENSEMBL:ENSG00000196591,UniProtKB:Q92769
ENSEMBL:ENSG00000170989,UniProtKB:P21453
ENSEMBL:ENSG00000125538,UniProtKB:P01584
ENSEMBL:ENSG00000172156,UniProtKB:Q6I9T4
ENSEMBL:ENSG00000227507,UniProtKB:Q5STB2
ENSEMBL:ENSG00000077150,UniProtKB:Q00653
ENSEMBL:ENSG00000112038,UniProtKB:P35372
ENSEMBL:ENSG00000176884,UniProtKB:Q5VSF9
ENSEMBL:ENSG00000179097,UniProtKB:P30939
ENSEMBL:ENSG00000077514,UniProtKB:Q15054
ENSEMBL:ENSG00000163399,UniProtKB:P05023
ENSEMBL:ENSG00000189403,UniProtKB:P09429
ENSEMBL:ENSG00000105647,UniProtKB:O00459
ENSEMBL:ENSG00000186951,UniProtKB:Q07869
ENSEMBL:ENSG00000135605,UniProtKB:P42680
ENSEMBL:ENSG00000124731,UniProtKB:Q9NP99
ENSEMBL:ENSG00000171189,UniProtKB:P39086
ENSEMBL:ENSG00000036828,UniProtKB:P41180
ENSEMBL:ENSG00000101213,UniProtKB:Q13882
ENSEMBL:ENSG00000102468,UniProtKB:P28223
ENSEMBL:ENSG00000172901,UniProtKB:Q6Q4G3
ENSEMBL:ENSG00000132703,UniProtKB:V9HWP0
ENSEMBL:ENSG00000134419,UniProtKB:P62244
ENSEMBL:ENSG00000068654,UniProtKB:O95602
ENSEMBL:ENSG00000157764,UniProtKB:P15056
ENSEMBL:ENSG00000121594,UniProtKB:P33681
ENSEMBL:ENSG00000204264,UniProtKB:X5CMJ9
ENSEMBL:ENSG00000138735,UniProtKB:O76074
ENSEMBL:ENSG00000151366,UniProtKB:O95298
ENSEMBL:ENSG00000078098,UniProtKB:Q12884
ENSEMBL:ENSG00000090932,UniProtKB:Q9NYJ7
ENSEMBL:ENSG00000177628,UniProtKB:P04062
ENSEMBL:ENSG00000134460,UniProtKB:Q5W005
ENSEMBL:ENSG00000075073,UniProtKB:P21452
ENSEMBL:ENSG00000248144,UniProtKB:P00326
ENSEMBL:ENSG00000137193,UniProtKB:P11309
ENSEMBL:ENSG00000149806,UniProtKB:P62861
ENSEMBL:ENSG00000110680,UniProtKB:P06881
ENSEMBL:ENSG00000198001,UniProtKB:Q9NWZ3
ENSEMBL:ENSG00000105329,UniProtKB:P01137
ENSEMBL:ENSG00000142731,UniProtKB:O00444
ENSEMBL:ENSG00000143839,UniProtKB:P00797
ENSEMBL:ENSG00000181929,UniProtKB:P54619
ENSEMBL:ENSG00000125730,UniProtKB:V9HWA9
ENSEMBL:ENSG00000239732,UniProtKB:Q9NR96
ENSEMBL:ENSG00000236637,UniProtKB:P05014
ENSEMBL:ENSG00000115758,UniProtKB:P11926
ENSEMBL:ENSG00000196776,UniProtKB:Q08722
ENSEMBL:ENSG00000110799,UniProtKB:P04275
ENSEMBL:ENSG00000137948,UniProtKB:Q58F21
ENSEMBL:ENSG00000189043,UniProtKB:O00483
ENSEMBL:ENSG00000187045,UniProtKB:Q8IU80
ENSEMBL:ENSG00000168356,UniProtKB:Q9UI33
ENSEMBL:ENSG00000126266,UniProtKB:O14842
ENSEMBL:ENSG00000196689,UniProtKB:Q8NER1
ENSEMBL:ENSG00000197891,UniProtKB:Q96S37
ENSEMBL:ENSG00000157103,UniProtKB:P30531
ENSEMBL:ENSG00000171132,UniProtKB:Q02156
ENSEMBL:ENSG00000142534,UniProtKB:P62280
ENSEMBL:ENSG00000180739,UniProtKB:Q9H228
ENSEMBL:ENSG00000135914,UniProtKB:P41595
ENSEMBL:ENSG00000204385,UniProtKB:Q53GD3
ENSEMBL:ENSG00000188404,UniProtKB:P14151
ENSEMBL:ENSG00000157240,UniProtKB:Q9UP38
ENSEMBL:ENSG00000257743,UniProtKB:Q2M2H8
ENSEMBL:ENSG00000179295,UniProtKB:Q06124
ENSEMBL:ENSG00000113520,UniProtKB:Q5FC01
ENSEMBL:ENSG00000164692,UniProtKB:P08123
ENSEMBL:ENSG00000100429,UniProtKB:Q969S8
ENSEMBL:ENSG00000005882,UniProtKB:Q15119
ENSEMBL:ENSG00000160791,UniProtKB:Q38L21
ENSEMBL:ENSG00000178394,UniProtKB:Q5ZGX3
ENSEMBL:ENSG00000027697,UniProtKB:P15260
ENSEMBL:ENSG00000103035,UniProtKB:P51665
ENSEMBL:ENSG00000164867,UniProtKB:P29474
ENSEMBL:ENSG00000178999,UniProtKB:Q96GD4
ENSEMBL:ENSG00000156486,UniProtKB:Q9ULS6
ENSEMBL:ENSG00000176890,UniProtKB:Q53Y97
ENSEMBL:ENSG00000074966,UniProtKB:P42681
ENSEMBL:ENSG00000119699,UniProtKB:P10600
ENSEMBL:ENSG00000102057,UniProtKB:Q9NSA2
ENSEMBL:ENSG00000142319,UniProtKB:Q01959
ENSEMBL:ENSG00000110700,UniProtKB:P62277
ENSEMBL:ENSG00000184371,UniProtKB:P09603
ENSEMBL:ENSG00000164078,UniProtKB:Q04912
ENSEMBL:ENSG00000105835,UniProtKB:P43490
ENSEMBL:ENSG00000155760,UniProtKB:O75084
ENSEMBL:ENSG00000186350,UniProtKB:Q6P3U7
ENSEMBL:ENSG00000185231,UniProtKB:Q01718
ENSEMBL:ENSG00000025434,UniProtKB:Q13133
ENSEMBL:ENSG00000180340,UniProtKB:Q86UZ8
ENSEMBL:ENSG00000160752,UniProtKB:P14324
ENSEMBL:ENSG00000086205,UniProtKB:Q04609
ENSEMBL:ENSG00000162009,UniProtKB:P35346
ENSEMBL:ENSG00000125384,UniProtKB:P43116
ENSEMBL:ENSG00000106631,UniProtKB:Q01449
ENSEMBL:ENSG00000115233,UniProtKB:O00487
ENSEMBL:ENSG00000167397,UniProtKB:Q9BQB6
ENSEMBL:ENSG00000205213,UniProtKB:Q9BXB1
ENSEMBL:ENSG00000049540,UniProtKB:Q8NBI4
ENSEMBL:ENSG00000027075,UniProtKB:P24723
ENSEMBL:ENSG00000181222,UniProtKB:P24928
ENSEMBL:ENSG00000105976,UniProtKB:P08581
ENSEMBL:ENSG00000058085,UniProtKB:Q13753
ENSEMBL:ENSG00000114859,UniProtKB:P51788
ENSEMBL:ENSG00000185000,UniProtKB:O75907
ENSEMBL:ENSG00000137033,UniProtKB:O95760
ENSEMBL:ENSG00000120457,UniProtKB:P48544
ENSEMBL:ENSG00000198793,UniProtKB:P42345
ENSEMBL:ENSG00000203859,UniProtKB:P26439
ENSEMBL:ENSG00000213906,UniProtKB:Q9NPC1
ENSEMBL:ENSG00000117461,UniProtKB:Q92569
ENSEMBL:ENSG00000168918,UniProtKB:Q92835
ENSEMBL:ENSG00000258947,UniProtKB:Q53G92
ENSEMBL:ENSG00000104921,UniProtKB:P06734
ENSEMBL:ENSG00000101323,UniProtKB:Q9UJM8
ENSEMBL:ENSG00000115353,UniProtKB:P25103
ENSEMBL:ENSG00000119535,UniProtKB:Q99062
ENSEMBL:ENSG00000198851,UniProtKB:P07766
ENSEMBL:ENSG00000184156,UniProtKB:O43525
ENSEMBL:ENSG00000112964,UniProtKB:P10912
ENSEMBL:ENSG00000044524,UniProtKB:Q6P4R6
ENSEMBL:ENSG00000141279,UniProtKB:P55786
ENSEMBL:ENSG00000215440,UniProtKB:Q8NDH3
ENSEMBL:ENSG00000165646,UniProtKB:Q05940
ENSEMBL:ENSG00000104894,UniProtKB:P11049
ENSEMBL:ENSG00000118523,UniProtKB:Q5M8T4
ENSEMBL:ENSG00000128271,UniProtKB:X5DNB4
ENSEMBL:ENSG00000095015,UniProtKB:Q13233
ENSEMBL:ENSG00000128609,UniProtKB:Q16718
ENSEMBL:ENSG00000148303,UniProtKB:P62424
ENSEMBL:ENSG00000147604,UniProtKB:P18124
ENSEMBL:ENSG00000025708,UniProtKB:P19971
ENSEMBL:ENSG00000132855,UniProtKB:Q9Y5C1
ENSEMBL:ENSG00000174748,UniProtKB:P61313
ENSEMBL:ENSG00000151617,UniProtKB:P25101
ENSEMBL:ENSG00000180720,UniProtKB:P08173
ENSEMBL:ENSG00000119013,UniProtKB:O43676
ENSEMBL:ENSG00000003400,UniProtKB:Q92851
ENSEMBL:ENSG00000105851,UniProtKB:P48736
ENSEMBL:ENSG00000124089,UniProtKB:P41968
ENSEMBL:ENSG00000082175,UniProtKB:P06401
ENSEMBL:ENSG00000147885,UniProtKB:P05015
ENSEMBL:ENSG00000096717,UniProtKB:Q96EB6
ENSEMBL:ENSG00000168398,UniProtKB:P30411
ENSEMBL:ENSG00000113525,UniProtKB:P05113
ENSEMBL:ENSG00000244734,UniProtKB:P68871
ENSEMBL:ENSG00000167601,UniProtKB:P30530
ENSEMBL:ENSG00000137285,UniProtKB:Q9BVA1
ENSEMBL:ENSG00000105639,UniProtKB:P52333
ENSEMBL:ENSG00000002549,UniProtKB:P28838
ENSEMBL:ENSG00000198695,UniProtKB:U5Z977
ENSEMBL:ENSG00000073756,UniProtKB:P35354
ENSEMBL:ENSG00000077782,UniProtKB:P11362
ENSEMBL:ENSG00000089157,UniProtKB:P05388
ENSEMBL:ENSG00000204305,UniProtKB:Q15109
ENSEMBL:ENSG00000175166,UniProtKB:Q13200
ENSEMBL:ENSG00000149968,UniProtKB:P08254
ENSEMBL:ENSG00000059377,UniProtKB:Q53F23
ENSEMBL:ENSG00000174886,UniProtKB:Q86Y39
ENSEMBL:ENSG00000137252,UniProtKB:S4X0W3
ENSEMBL:ENSG00000048392,UniProtKB:Q7LG56
ENSEMBL:ENSG00000168412,UniProtKB:P48039
ENSEMBL:ENSG00000078814,UniProtKB:A7E2Y1
ENSEMBL:ENSG00000109861,UniProtKB:P53634
ENSEMBL:ENSG00000068024,UniProtKB:P56524
ENSEMBL:ENSG00000165029,UniProtKB:O95477
ENSEMBL:ENSG00000136937,UniProtKB:Q09161
ENSEMBL:ENSG00000109163,UniProtKB:P30968
ENSEMBL:ENSG00000156738,UniProtKB:P11836
ENSEMBL:ENSG00000174417,UniProtKB:P34981
ENSEMBL:ENSG00000204681,UniProtKB:Q9UBS5
ENSEMBL:ENSG00000130255,UniProtKB:Q9Y3U8
ENSEMBL:ENSG00000196664,UniProtKB:Q9NYK1
ENSEMBL:ENSG00000198431,UniProtKB:Q16881
ENSEMBL:ENSG00000141424,UniProtKB:Q13433
ENSEMBL:ENSG00000168748,UniProtKB:P43166
ENSEMBL:ENSG00000115598,UniProtKB:Q9HB29
ENSEMBL:ENSG00000095596,UniProtKB:O43174
ENSEMBL:ENSG00000131473,UniProtKB:Q4LE36
ENSEMBL:ENSG00000135766,UniProtKB:R4SCQ0
ENSEMBL:ENSG00000164400,UniProtKB:P04141
ENSEMBL:ENSG00000129991,UniProtKB:Q6FGX2
ENSEMBL:ENSG00000196954,UniProtKB:P49662
ENSEMBL:ENSG00000108298,UniProtKB:P84098
ENSEMBL:ENSG00000177189,UniProtKB:P51812
ENSEMBL:ENSG00000135077,UniProtKB:Q8TDQ0
ENSEMBL:ENSG00000063177,UniProtKB:Q07020
ENSEMBL:ENSG00000167244,UniProtKB:P01344
ENSEMBL:ENSG00000243646,UniProtKB:Q08334
ENSEMBL:ENSG00000137757,UniProtKB:P51878
ENSEMBL:ENSG00000162989,UniProtKB:P48549
ENSEMBL:ENSG00000160654,UniProtKB:P09693
ENSEMBL:ENSG00000176105,UniProtKB:P07947
ENSEMBL:ENSG00000167965,UniProtKB:Q9BVC4
ENSEMBL:ENSG00000134817,UniProtKB:P35414
ENSEMBL:ENSG00000102524,UniProtKB:Q9Y275
ENSEMBL:ENSG00000169442,UniProtKB:V9HWN9
ENSEMBL:ENSG00000258839,UniProtKB:Q1JUL4
ENSEMBL:ENSG00000087237,UniProtKB:P11597
ENSEMBL:ENSG00000133731,UniProtKB:P29218
ENSEMBL:ENSG00000062038,UniProtKB:P22223
ENSEMBL:ENSG00000198502,UniProtKB:Q30154
ENSEMBL:ENSG00000151623,UniProtKB:P08235
ENSEMBL:ENSG00000159128,UniProtKB:P38484
ENSEMBL:ENSG00000109475,UniProtKB:P49207
ENSEMBL:ENSG00000150630,UniProtKB:P49767
ENSEMBL:ENSG00000136928,UniProtKB:O75899
ENSEMBL:ENSG00000145242,UniProtKB:Q59FT4
ENSEMBL:ENSG00000136546,UniProtKB:Q01118
ENSEMBL:ENSG00000142192,UniProtKB:P05067
ENSEMBL:ENSG00000115020,UniProtKB:Q9Y2I7
ENSEMBL:ENSG00000123454,UniProtKB:P09172
ENSEMBL:ENSG00000130669,UniProtKB:O96013
ENSEMBL:ENSG00000171408,UniProtKB:Q9NP56
ENSEMBL:ENSG00000137818,UniProtKB:P05386
ENSEMBL:ENSG00000136244,UniProtKB:Q75MH2
ENSEMBL:ENSG00000148400,UniProtKB:P46531
ENSEMBL:ENSG00000138622,UniProtKB:Q9Y3Q4
ENSEMBL:ENSG00000116824,UniProtKB:Q53F96
ENSEMBL:ENSG00000118298,UniProtKB:Q9ULX7
ENSEMBL:ENSG00000121764,UniProtKB:O43613
ENSEMBL:ENSG00000093010,UniProtKB:P21964
ENSEMBL:ENSG00000241186,UniProtKB:P13385
ENSEMBL:ENSG00000142937,UniProtKB:Q5JR94
ENSEMBL:ENSG00000131203,UniProtKB:P14902
ENSEMBL:ENSG00000107984,UniProtKB:O94907
ENSEMBL:ENSG00000198755,UniProtKB:P62906
ENSEMBL:ENSG00000140443,UniProtKB:P08069
ENSEMBL:ENSG00000196517,UniProtKB:P48067
ENSEMBL:ENSG00000134470,UniProtKB:Q13261
ENSEMBL:ENSG00000007312,UniProtKB:P40259
ENSEMBL:ENSG00000182871,UniProtKB:P39060
ENSEMBL:ENSG00000127922,UniProtKB:Q6IBB7
ENSEMBL:ENSG00000088832,UniProtKB:Q0VDC6
ENSEMBL:ENSG00000120659,UniProtKB:Q5T9Y4
ENSEMBL:ENSG00000100170,UniProtKB:P13866
ENSEMBL:ENSG00000154269,UniProtKB:O14638
ENSEMBL:ENSG00000170759,UniProtKB:V9HW29
ENSEMBL:ENSG00000137745,UniProtKB:Q53H33
ENSEMBL:ENSG00000173826,UniProtKB:Q9H252
ENSEMBL:ENSG00000135333,UniProtKB:Q15375
ENSEMBL:ENSG00000128039,UniProtKB:Q9H8P0
ENSEMBL:ENSG00000143799,UniProtKB:P09874
ENSEMBL:ENSG00000146242,UniProtKB:Q13641
ENSEMBL:ENSG00000151062,UniProtKB:Q7Z3S7
ENSEMBL:ENSG00000106211,UniProtKB:V9HW43
ENSEMBL:ENSG00000170312,UniProtKB:P06493
ENSEMBL:ENSG00000153208,UniProtKB:Q12866
ENSEMBL:ENSG00000150782,UniProtKB:Q14116
ENSEMBL:ENSG00000136634,UniProtKB:Q6FGW4
ENSEMBL:ENSG00000105397,UniProtKB:P29597
ENSEMBL:ENSG00000136930,UniProtKB:Q99436
ENSEMBL:ENSG00000113448,UniProtKB:Q08499
ENSEMBL:ENSG00000222028,UniProtKB:B3KVC3
ENSEMBL:ENSG00000105640,UniProtKB:Q02543
ENSEMBL:ENSG00000254087,UniProtKB:Q6NUK7
ENSEMBL:ENSG00000104321,UniProtKB:O75762
ENSEMBL:ENSG00000215644,UniProtKB:P47871
ENSEMBL:ENSG00000159958,UniProtKB:Q96RJ3
ENSEMBL:ENSG00000178084,UniProtKB:Q8WXA8
ENSEMBL:ENSG00000129484,UniProtKB:Q9UGN5
ENSEMBL:ENSG00000130598,UniProtKB:P48788
ENSEMBL:ENSG00000151577,UniProtKB:X5D2G4
ENSEMBL:ENSG00000132170,UniProtKB:P37231
ENSEMBL:ENSG00000081237,UniProtKB:P08575
ENSEMBL:ENSG00000121853,UniProtKB:Q92847
ENSEMBL:ENSG00000136960,UniProtKB:Q13822
ENSEMBL:ENSG00000115232,UniProtKB:P13612
ENSEMBL:ENSG00000082898,UniProtKB:O14980
ENSEMBL:ENSG00000257335,UniProtKB:O43451
ENSEMBL:ENSG00000188641,UniProtKB:Q12882
ENSEMBL:ENSG00000007952,UniProtKB:Q9Y5S8
ENSEMBL:ENSG00000113070,UniProtKB:Q99075
ENSEMBL:ENSG00000173327,UniProtKB:Q16584
ENSEMBL:ENSG00000097007,UniProtKB:Q59FK4
ENSEMBL:ENSG00000151834,UniProtKB:P47869
ENSEMBL:ENSG00000164885,UniProtKB:Q00535
ENSEMBL:ENSG00000120885,UniProtKB:P10909
ENSEMBL:ENSG00000183765,UniProtKB:O96017
ENSEMBL:ENSG00000128602,UniProtKB:Q99835
ENSEMBL:ENSG00000138794,UniProtKB:P55212
ENSEMBL:ENSG00000140988,UniProtKB:P15880
ENSEMBL:ENSG00000159131,UniProtKB:Q59HH3
ENSEMBL:ENSG00000111144,UniProtKB:P09960
ENSEMBL:ENSG00000118058,UniProtKB:Q03164
ENSEMBL:ENSG00000131686,UniProtKB:P23280
ENSEMBL:ENSG00000023330,UniProtKB:Q5JAM2
ENSEMBL:ENSG00000196876,UniProtKB:Q9UQD0
ENSEMBL:ENSG00000168610,UniProtKB:P40763
ENSEMBL:ENSG00000080573,UniProtKB:P25940
ENSEMBL:ENSG00000100652,UniProtKB:Q14973
ENSEMBL:ENSG00000105723,UniProtKB:P49840
ENSEMBL:ENSG00000113721,UniProtKB:Q59F04
ENSEMBL:ENSG00000168036,UniProtKB:P35222
ENSEMBL:ENSG00000180616,UniProtKB:P30874
ENSEMBL:ENSG00000172270,UniProtKB:Q54A51
ENSEMBL:ENSG00000240065,UniProtKB:P28065
ENSEMBL:ENSG00000015520,UniProtKB:Q9UHC9
ENSEMBL:ENSG00000229117,UniProtKB:P62945
ENSEMBL:ENSG00000177455,UniProtKB:P15391
ENSEMBL:ENSG00000082781,UniProtKB:P18084
ENSEMBL:ENSG00000142166,UniProtKB:P17181
ENSEMBL:ENSG00000111319,UniProtKB:P37088
ENSEMBL:ENSG00000143387,UniProtKB:P43235
ENSEMBL:ENSG00000269858,UniProtKB:Q96KS0
ENSEMBL:ENSG00000186891,UniProtKB:Q9Y5U5
ENSEMBL:ENSG00000105372,UniProtKB:P39019
ENSEMBL:ENSG00000107159,UniProtKB:Q16790
ENSEMBL:ENSG00000138792,UniProtKB:Q07075
ENSEMBL:ENSG00000107562,UniProtKB:P48061
ENSEMBL:ENSG00000113161,UniProtKB:P04035
ENSEMBL:ENSG00000131398,UniProtKB:Q14003
ENSEMBL:ENSG00000115286,UniProtKB:Q7LD69
ENSEMBL:ENSG00000102755,UniProtKB:P17948
ENSEMBL:ENSG00000122026,UniProtKB:Q6IAX2
ENSEMBL:ENSG00000157765,UniProtKB:O95436
ENSEMBL:ENSG00000188778,UniProtKB:P13945
ENSEMBL:ENSG00000147123,UniProtKB:Q9NX14
ENSEMBL:ENSG00000135744,UniProtKB:P01019
ENSEMBL:ENSG00000167780,UniProtKB:O75908
ENSEMBL:ENSG00000074319,UniProtKB:Q99816
ENSEMBL:ENSG00000007402,UniProtKB:Q9NY47
ENSEMBL:ENSG00000108839,UniProtKB:P18054
ENSEMBL:ENSG00000064012,UniProtKB:Q14790
ENSEMBL:ENSG00000007171,UniProtKB:P35228
ENSEMBL:ENSG00000061918,UniProtKB:Q02153
ENSEMBL:ENSG00000183044,UniProtKB:X5D8S1
ENSEMBL:ENSG00000163464,UniProtKB:P25024
ENSEMBL:ENSG00000089009,UniProtKB:Q8TBK5
ENSEMBL:ENSG00000141837,UniProtKB:Q9NS89
ENSEMBL:ENSG00000198223,UniProtKB:P15509
ENSEMBL:ENSG00000129173,UniProtKB:A0AVK6
ENSEMBL:ENSG00000026559,UniProtKB:Q9UIX4
ENSEMBL:ENSG00000120907,UniProtKB:P35348
ENSEMBL:ENSG00000140015,UniProtKB:Q8NCM2
ENSEMBL:ENSG00000116396,UniProtKB:Q03721
ENSEMBL:ENSG00000087191,UniProtKB:P62195
ENSEMBL:ENSG00000165995,UniProtKB:Q5VVH1
ENSEMBL:ENSG00000170906,UniProtKB:Q6FGG4
ENSEMBL:ENSG00000169194,UniProtKB:P35225
ENSEMBL:ENSG00000161016,UniProtKB:P62917
ENSEMBL:ENSG00000112294,UniProtKB:X5DQN2
ENSEMBL:ENSG00000053918,UniProtKB:Q96AI9
ENSEMBL:ENSG00000116329,UniProtKB:P41143
ENSEMBL:ENSG00000142507,UniProtKB:Q6IAT9
ENSEMBL:ENSG00000183134,UniProtKB:Q9Y5Y4
ENSEMBL:ENSG00000198336,UniProtKB:P12829
ENSEMBL:ENSG00000058091,UniProtKB:O94921
ENSEMBL:ENSG00000157445,UniProtKB:Q8IZS8
ENSEMBL:ENSG00000234829,UniProtKB:P01571
ENSEMBL:ENSG00000131981,UniProtKB:P17931
ENSEMBL:ENSG00000101680,UniProtKB:P25391
ENSEMBL:ENSG00000055118,UniProtKB:Q15BH2
ENSEMBL:ENSG00000079459,UniProtKB:Q6IAX1
ENSEMBL:ENSG00000172878,UniProtKB:Q6UB28
ENSEMBL:ENSG00000168229,UniProtKB:Q13258
ENSEMBL:ENSG00000267855,UniProtKB:O95182
ENSEMBL:ENSG00000090402,UniProtKB:P14410
